message_id,action,message_type,reason,confidence,evidence_message_ids
msg_023,notify,urgent,Strong relationship history with this sender/source supports interrupting the user now.,0.52,message_0243;message_0102;message_0101
msg_091,mute,scam,Flagged as scam: message asks the recipient to share an OTP/verification code; muted regardless of usual engagement.,0.78,message_0238;message_0320
msg_090,notify,urgent,Time-sensitive urgent content the user is likely to need to act on now.,0.75,none
msg_048,digest,urgent,"Useful urgent content, but not time-critical enough to interrupt the user right now.",0.60,message_0151;message_0150;message_0100
msg_040,digest,forward,"Useful forward content, but not time-critical enough to interrupt the user right now.",0.80,message_0136;message_0135
msg_075,notify,business_update,Strong relationship history with this sender/source supports interrupting the user now.,0.85,message_0206;message_0205;message_0293
msg_005,notify,urgent,Time-sensitive urgent content the user is likely to need to act on now.,0.84,message_0049;message_0065;message_0382
msg_104,digest,urgent,"Useful urgent content, but not time-critical enough to interrupt the user right now.",0.67,message_0050;message_0224;message_0335
msg_069,mute,greeting,User has muted or opted out of this group and the message has no urgent personal relevance.,0.97,message_0080;message_0177;message_0193
msg_107,mute,scam,Flagged as scam: message asks the recipient to share an OTP/verification code; muted regardless of usual engagement.,0.78,message_0213;message_0369;message_0235
msg_070,mute,scam,Flagged as scam: message asks the recipient to share an OTP/verification code; muted regardless of usual engagement.,0.78,message_0369;message_0213;message_0199
msg_003,notify,business_update,Content and sender context indicate this business_update message is important enough to surface now.,0.86,message_0400;message_0031;message_0061
msg_099,digest,personal,"Useful personal content, but not time-critical enough to interrupt the user right now.",0.73,message_0227;message_0249;message_0118
msg_008,digest,business_update,"Useful business_update content, but not time-critical enough to interrupt the user right now.",0.85,message_0296;message_0072;message_0071
msg_092,mute,payment,Low historical engagement with this sender and no urgent or personalized content.,0.97,message_0346;message_0344;message_0345
msg_060,digest,promotion,"Promotional content the user has some relationship with, but not urgent enough to interrupt now.",0.87,message_0284;message_0176;message_0375
msg_004,notify,event,Content and sender context indicate this event message is important enough to surface now.,0.66,message_0245;message_0005;message_0246
msg_030,mute,promotion,User has muted or opted out of this group and the message has no urgent personal relevance.,0.97,message_0115;message_0335;message_0050
msg_045,digest,personal,"Useful personal content, but not time-critical enough to interrupt the user right now.",0.65,message_0061;message_0146;message_0371
msg_052,mute,scam,Flagged as scam: sending business account is not verified; muted regardless of usual engagement.,0.97,message_0207;message_0159;message_0208
msg_009,mute,personal,User has muted or opted out of this group and the message has no urgent personal relevance.,0.85,message_0074;message_0032
msg_071,digest,personal,"Useful personal content, but not time-critical enough to interrupt the user right now.",0.83,message_0197
msg_016,notify,urgent,Time-sensitive urgent content the user is likely to need to act on now.,0.64,message_0024;message_0147;message_0407
msg_065,digest,promotion,"Promotional content the user has some relationship with, but not urgent enough to interrupt now.",0.58,message_0261;message_0260;message_0185
msg_038,digest,urgent,"Useful urgent content, but not time-critical enough to interrupt the user right now.",0.78,message_0131;message_0132;message_0009
msg_086,notify,business_update,Content and sender context indicate this business_update message is important enough to surface now.,0.69,none
msg_014,mute,promotion,User has muted or opted out of this business and the message has no urgent personal relevance.,0.97,message_0258;message_0018;message_0017
msg_094,mute,promotion,Low historical engagement with this sender and no urgent or personalized content.,0.62,message_0356;message_0223;message_0204
msg_029,digest,promotion,"Promotional content the user has some relationship with, but not urgent enough to interrupt now.",0.59,message_0095;message_0113;message_0332
msg_105,digest,urgent,"Useful urgent content, but not time-critical enough to interrupt the user right now.",0.50,message_0373;message_0233;message_0279
msg_002,notify,event,Time-sensitive event content the user is likely to need to act on now.,0.97,message_0003;message_0041;message_0059
msg_010,digest,business_update,"Useful business_update content, but not time-critical enough to interrupt the user right now.",0.73,message_0011;message_0242;message_0075
msg_078,mute,urgent,User has muted or opted out of this group and the message has no urgent personal relevance.,0.97,message_0204;message_0211;message_0220
msg_013,mute,promotion,Low historical engagement with this sender and no urgent or personalized content.,0.58,none
msg_018,mute,forward,Low historical engagement with this sender and no urgent or personalized content.,0.62,message_0026;message_0091;message_0102
msg_044,mute,scam,Flagged as scam: message asks the recipient to share an OTP/verification code; muted regardless of usual engagement.,0.78,message_0143
msg_032,digest,personal,"Useful personal content, but not time-critical enough to interrupt the user right now.",0.92,message_0119;message_0285;message_0175
msg_106,digest,personal,"Useful personal content, but not time-critical enough to interrupt the user right now.",0.62,message_0376;message_0234;message_0293
msg_006,digest,personal,"Useful personal content, but not time-critical enough to interrupt the user right now.",0.53,message_0029;message_0044;message_0097
msg_109,digest,personal,"Useful personal content, but not time-critical enough to interrupt the user right now.",0.60,message_0151;message_0237;message_0150
msg_108,mute,scam,Flagged as scam: sending business account is not verified; muted regardless of usual engagement.,0.97,message_0094;message_0093;message_0275
msg_019,mute,scam,Flagged as scam: sending business account is not verified; muted regardless of usual engagement.,0.97,message_0277;message_0275;message_0276
msg_088,mute,personal,User has muted or opted out of this group and the message has no urgent personal relevance.,0.97,none
msg_056,notify,event,"Directly mentions this user inside an otherwise muted source, so it is surfaced despite the mute.",0.97,message_0359;message_0217;message_0123
msg_027,digest,promotion,"Promotional content the user has some relationship with, but not urgent enough to interrupt now.",0.76,message_0272;message_0033;message_0007
msg_050,notify,event,Strong relationship history with this sender/source supports interrupting the user now.,0.93,message_0279;message_0278;message_0155
msg_083,digest,personal,"Useful personal content, but not time-critical enough to interrupt the user right now.",0.60,none
msg_063,digest,urgent,"Useful urgent content, but not time-critical enough to interrupt the user right now.",0.69,message_0254;message_0365;message_0364
msg_033,digest,greeting,"Useful greeting content, but not time-critical enough to interrupt the user right now.",0.80,message_0121;message_0279;message_0278
msg_061,mute,greeting,User has muted or opted out of this group and the message has no urgent personal relevance.,0.97,message_0080;message_0177;message_0193
msg_020,digest,urgent,"Useful urgent content, but not time-critical enough to interrupt the user right now.",0.66,message_0333
msg_017,mute,promotion,User has muted or opted out of this group and the message has no urgent personal relevance.,0.97,message_0319
msg_058,mute,forward,User has muted or opted out of this group and the message has no urgent personal relevance.,0.97,message_0241;message_0039;message_0040
msg_026,mute,scam,Flagged as scam: sending business account is not verified; muted regardless of usual engagement.,0.97,message_0032;message_0107;message_0260
msg_047,digest,personal,"Useful personal content, but not time-critical enough to interrupt the user right now.",0.60,message_0001;message_0098;message_0068
msg_046,mute,scam,Flagged as scam: message asks the recipient to share an OTP/verification code; muted regardless of usual engagement.,0.85,message_0148;message_0024;message_0147
msg_042,notify,urgent,Time-sensitive urgent content the user is likely to need to act on now.,0.97,message_0058;message_0140;message_0217
msg_079,mute,scam,Flagged as scam: message asks the recipient to share an OTP/verification code; muted regardless of usual engagement.,0.78,message_0369;message_0221;message_0023
msg_098,notify,event,Strong relationship history with this sender/source supports interrupting the user now.,0.62,message_0359;message_0168;message_0226
msg_037,digest,personal,"Useful personal content, but not time-critical enough to interrupt the user right now.",0.53,message_0001;message_0410
msg_007,digest,event,"Useful event content, but not time-critical enough to interrupt the user right now.",0.67,message_0275;message_0276;message_0070
msg_085,mute,scam,Flagged as scam: sending business account is not verified; muted regardless of usual engagement.,0.97,none
msg_001,notify,urgent,Time-sensitive urgent content the user is likely to need to act on now.,0.97,message_0057;message_0240;message_0139
msg_021,notify,payment,Time-sensitive payment content the user is likely to need to act on now.,0.92,message_0099;message_0270;message_0029
msg_028,mute,promotion,User has muted or opted out of this business and the message has no urgent personal relevance.,0.97,message_0034;message_0257;message_0402
msg_012,mute,forward,Low historical engagement with this sender and no urgent or personalized content.,0.58,message_0079;message_0194;message_0178
msg_064,digest,payment,"Useful payment content, but not time-critical enough to interrupt the user right now.",0.95,message_0201;message_0087;message_0183
msg_103,notify,urgent,Time-sensitive urgent content the user is likely to need to act on now.,0.97,message_0065;message_0049;message_0401
msg_031,digest,personal,"Useful personal content, but not time-critical enough to interrupt the user right now.",0.97,message_0227;message_0036;message_0055
msg_057,notify,urgent,Strong relationship history with this sender/source supports interrupting the user now.,0.97,message_0003;message_0059;message_0169
msg_087,mute,personal,User has muted or opted out of this group and the message has no urgent personal relevance.,0.97,none
msg_067,notify,payment,Strong relationship history with this sender/source supports interrupting the user now.,0.53,message_0098;message_0068;message_0029
msg_039,notify,personal,Strong relationship history with this sender/source supports interrupting the user now.,0.97,message_0364;message_0365;message_0051
msg_082,digest,personal,"Useful personal content, but not time-critical enough to interrupt the user right now.",0.76,none
msg_066,mute,promotion,User has muted or opted out of this business and the message has no urgent personal relevance.,0.97,message_0257;message_0402;message_0034
msg_049,notify,business_update,Strong relationship history with this sender/source supports interrupting the user now.,0.95,message_0154;message_0291;message_0153
msg_015,mute,scam,Flagged as scam: message asks the recipient to share an OTP/verification code; muted regardless of usual engagement.,0.78,message_0023;message_0045;message_0221
msg_051,mute,promotion,User has muted or opted out of this business and the message has no urgent personal relevance.,0.97,message_0257;message_0402;message_0034
msg_097,digest,personal,"Useful personal content, but not time-critical enough to interrupt the user right now.",0.95,message_0167;message_0054;message_0225
msg_089,digest,personal,"Useful personal content, but not time-critical enough to interrupt the user right now.",0.76,message_0301
msg_053,digest,personal,"Useful personal content, but not time-critical enough to interrupt the user right now.",0.64,message_0161;message_0253;message_0411
msg_059,notify,urgent,Time-sensitive urgent content the user is likely to need to act on now.,0.73,message_0263;message_0213;message_0199
msg_024,mute,promotion,User has muted or opted out of this business and the message has no urgent personal relevance.,0.97,message_0257;message_0402;message_0034
msg_072,mute,scam,Flagged as scam: message asks the recipient to share an OTP/verification code; muted regardless of usual engagement.,0.85,message_0213;message_0199;message_0195
msg_036,mute,scam,Flagged as scam: sending business account is not verified; muted regardless of usual engagement.,0.90,message_0283;message_0281;message_0127
msg_076,mute,scam,Flagged as scam: sending business account is not verified; muted regardless of usual engagement.,0.97,message_0207;message_0159;message_0208
msg_055,notify,urgent,Strong relationship history with this sender/source supports interrupting the user now.,0.87,message_0166;message_0387;message_0165
msg_102,digest,personal,"Useful personal content, but not time-critical enough to interrupt the user right now.",0.81,message_0371;message_0230;message_0059
msg_080,digest,personal,"Useful personal content, but not time-critical enough to interrupt the user right now.",0.53,message_0216;message_0130;message_0150
msg_093,mute,scam,Flagged as scam: message asks the recipient to share an OTP/verification code; muted regardless of usual engagement.,0.81,message_0398;message_0349;message_0347
msg_034,mute,greeting,User has muted or opted out of this group and the message has no urgent personal relevance.,0.97,message_0123;message_0241;message_0039
msg_035,mute,business_update,Low historical engagement with this sender and no urgent or personalized content.,0.53,message_0281;message_0125;message_0283
msg_101,mute,personal,Low historical engagement with this sender and no urgent or personalized content.,0.64,message_0370;message_0229;message_0268
msg_041,mute,scam,Flagged as scam: sender domain 'weurl.co' does not match official domain 'polaris.school'; muted regardless of usual engagement.,0.76,message_0138;message_0137;message_0028
msg_011,mute,greeting,User has muted or opted out of this group and the message has no urgent personal relevance.,0.97,message_0014;message_0123;message_0013
msg_110,mute,scam,Flagged as scam: message asks the recipient to share an OTP/verification code; muted regardless of usual engagement.,0.85,message_0238;message_0320;message_0321
msg_095,mute,scam,Flagged as scam: message attempts to instruct the routing system directly (prompt-injection pattern); muted regardless of usual engagement.,0.78,message_0202;message_0184;message_0201
msg_074,mute,payment,User has muted or opted out of this group and the message has no urgent personal relevance.,0.97,message_0204;message_0203;message_0358
msg_073,digest,urgent,"Useful urgent content, but not time-critical enough to interrupt the user right now.",0.95,message_0147;message_0201;message_0087
msg_054,digest,personal,"Useful personal content, but not time-critical enough to interrupt the user right now.",0.78,message_0163;message_0389;message_0358
msg_068,digest,personal,"Useful personal content, but not time-critical enough to interrupt the user right now.",0.55,message_0191
msg_100,notify,urgent,Time-sensitive urgent content the user is likely to need to act on now.,0.97,message_0362;message_0228;message_0117
msg_062,digest,personal,"Useful personal content, but not time-critical enough to interrupt the user right now.",0.53,message_0043;message_0029;message_0044
msg_096,digest,personal,"Useful personal content, but not time-critical enough to interrupt the user right now.",0.76,none
msg_043,digest,forward,"Useful forward content, but not time-critical enough to interrupt the user right now.",0.81,message_0029;message_0129;message_0215
msg_077,digest,greeting,"Useful greeting content, but not time-critical enough to interrupt the user right now.",0.65,message_0051;message_0037;message_0403
msg_081,digest,personal,"Useful personal content, but not time-critical enough to interrupt the user right now.",0.72,none
msg_025,notify,business_update,Content and sender context indicate this business_update message is important enough to surface now.,0.81,message_0239;message_0004;message_0105
msg_084,mute,business_update,User has muted or opted out of this business and the message has no urgent personal relevance.,0.97,none
msg_022,notify,payment,Time-sensitive payment content the user is likely to need to act on now.,0.83,message_0099;message_0151;message_0270
